num_cuenta,nombre,apellidos,email,edad
1,Maëline,Fetters,afetters0@plala.or.jp,1
2,Andréanne,Barsam,ebarsam1@google.cn,2
3,Maëlle,Zorzetti,jzorzetti2@fda.gov,3
4,Cléa,Scarman,sscarman3@rediff.com,4
5,Anaé,Bresman,cbresman4@ihg.com,5
6,Yénora,Bewley,lbewley5@wiley.com,6
7,Méghane,Wakley,wwakley6@goo.gl,7
8,Léandre,Larkin,dlarkin7@imgur.com,8
9,Mahélie,Labbe,mlabbe8@goodreads.com,9
10,Maïté,Ducrow,lducrow9@squidoo.com,10
11,Pélagie,McMackin,emcmackina@springer.com,11
12,Táng,Kubu,jkubub@reverbnation.com,12
13,Maëlla,Barehead,cbareheadc@wunderground.com,13
14,Océanne,Silcock,gsilcockd@answers.com,14
15,Torbjörn,Niche,tnichee@histats.com,15
16,Erwéi,Adel,cadelf@utexas.edu,16
17,Estève,Merrifield,vmerrifieldg@stanford.edu,17
18,Maëlle,Shingler,rshinglerh@guardian.co.uk,18
19,Océanne,Meynell,gmeynelli@elegantthemes.com,19
20,Göran,Jendrusch,pjendruschj@sitemeter.com,20
21,Mén,Wynn,ewynnk@free.fr,21
22,Liè,Beare,fbearel@altervista.org,22
23,Desirée,Draper,odraperm@samsung.com,23
24,Mélinda,Creak,ocreakn@google.ca,24
25,Zoé,Howden,khowdeno@1und1.de,25
26,Marylène,Laherty,alahertyp@discovery.com,26
27,Håkan,Muspratt,bmusprattq@about.com,27
28,Ruò,Jakeman,mjakemanr@craigslist.org,28
29,Naëlle,Curm,ocurms@cmu.edu,29
30,Salomé,Wofenden,awofendent@mtv.com,30
31,Vénus,Mitchenson,amitchensonu@japanpost.jp,31
32,Miléna,Tole,rtolev@moonfruit.com,32
33,Kallisté,Buckhurst,sbuckhurstw@drupal.org,33
34,Vérane,Coare,bcoarex@microsoft.com,34
35,Tán,Blaschke,eblaschkey@ft.com,35
36,Médiamass,Ludewig,dludewigz@mit.edu,36
37,Méryl,Perree,tperree10@wikipedia.org,37
38,Cloé,Morman,amorman11@hp.com,38
39,Magdalène,Lineen,dlineen12@webs.com,39
40,Estève,Bilton,rbilton13@dagondesign.com,40
41,Styrbjörn,Emson,jemson14@360.cn,41
42,Andréa,Lonsbrough,clonsbrough15@ycombinator.com,42
43,Lèi,Scarfe,iscarfe16@prnewswire.com,43
44,Erwéi,Searles,asearles17@dot.gov,44
45,Kù,Hardwicke,lhardwicke18@histats.com,45
46,Görel,Joule,ajoule19@answers.com,46
47,Kallisté,Cherryman,scherryman1a@comcast.net,47
48,Maëlys,Mountcastle,mmountcastle1b@vistaprint.com,48
49,Méryl,Tomkin,mtomkin1c@printfriendly.com,49
50,Adélie,Fawlo,mfawlo1d@networkadvertising.org,50
51,Kallisté,Kohnemann,lkohnemann1e@mapy.cz,51
52,Adélaïde,Gherardesci,jgherardesci1f@washingtonpost.com,52
53,Esbjörn,Lindeboom,mlindeboom1g@histats.com,53
54,Thérèsa,Gras,hgras1h@wordpress.org,54
55,Annotés,Wegenen,bwegenen1i@quantcast.com,55
56,Amélie,Hurnell,mhurnell1j@gizmodo.com,56
57,Cunégonde,Budding,rbudding1k@nyu.edu,57
58,Wá,Gellion,dgellion1l@pagesperso-orange.fr,58
59,Néhémie,Fewtrell,pfewtrell1m@scientificamerican.com,59
60,Lóng,Bruntje,jbruntje1n@comcast.net,60
61,Noémie,Roxburch,iroxburch1o@vinaora.com,61
62,Wá,Cuncliffe,ccuncliffe1p@mit.edu,62
63,Gösta,Henrot,ehenrot1q@slideshare.net,63
64,Marie-thérèse,Brimblecomb,abrimblecomb1r@cdbaby.com,64
65,Mélanie,Cordery,acordery1s@myspace.com,65
66,Illustrée,Colombier,pcolombier1t@epa.gov,66
67,Rébecca,Fuge,efuge1u@bravesites.com,67
68,Wá,Smythin,msmythin1v@seesaa.net,68
69,Léana,McCollum,kmccollum1w@vimeo.com,69
70,Béatrice,Ollet,aollet1x@sciencedirect.com,70
71,Annotés,Ruscoe,rruscoe1y@posterous.com,71
72,Marie-noël,Craighill,acraighill1z@spiegel.de,72
73,Audréanne,McKew,rmckew20@cargocollective.com,73
74,Vénus,Jeanon,kjeanon21@pagesperso-orange.fr,74
75,Åke,Cleaver,dcleaver22@oakley.com,75
76,Angélique,Muldoon,cmuldoon23@wufoo.com,76
77,Pål,Arondel,tarondel24@theglobeandmail.com,77
78,Lyséa,Leftly,sleftly25@intel.com,78
79,Yénora,Lightwing,rlightwing26@desdev.cn,79
80,Maëlle,O'Carran,tocarran27@dot.gov,80
81,Médiamass,Maddrah,mmaddrah28@shareasale.com,81
82,Léonore,Menaul,cmenaul29@technorati.com,82
83,Marie-noël,Janse,sjanse2a@prlog.org,83
84,Anaé,Strettle,hstrettle2b@w3.org,84
85,Tú,Eliff,seliff2c@gmpg.org,85
86,Bérengère,Horwell,thorwell2d@g.co,86
87,Clémence,McCrow,kmccrow2e@hhs.gov,87
88,Marie-ève,Strawbridge,cstrawbridge2f@github.io,88
89,Táng,Goldston,lgoldston2g@i2i.jp,89
90,Garçon,Longlands,blonglands2h@jimdo.com,90
91,Táng,Ivankovic,givankovic2i@skyrock.com,91
92,Mahélie,Ewbanche,dewbanche2j@webmd.com,92
93,Anaëlle,Tetsall,etetsall2k@go.com,93
94,Åslög,Duester,hduester2l@mashable.com,94
95,Lucrèce,Castellanos,wcastellanos2m@de.vu,95
96,Andrée,Broadhead,tbroadhead2n@usgs.gov,96
97,Edmée,Barchrameev,hbarchrameev2o@cam.ac.uk,97
98,Inès,Van der Daal,svanderdaal2p@alexa.com,98
99,Bécassine,Ormond,rormond2q@mapquest.com,99
100,Görel,Nern,rnern2r@boston.com,100
